,zip_code_crime_map,OFNS_DESC,crime_rate,rank
0,10301,367,16.561371841155236,1
11,10314,365,16.471119133574007,2
3,10304,320,14.440433212996389,3
5,10306,205,9.250902527075812,4
10,10312,158,7.129963898916968,5
2,10303,145,6.543321299638989,6
9,10310,134,6.046931407942238,7
1,10302,132,5.956678700361011,8
4,10305,131,5.911552346570397,9
8,10309,106,4.783393501805054,10
6,10307,85,3.835740072202166,11
7,10308,67,3.023465703971119,12
12,11213,1,0.04512635379061372,13
